[
    {
        "pk": 54, 
        "model": "photologue.photo", 
        "fields": {
            "view_count": 0, 
            "is_highlight": true, 
            "title_slug": "tiago-sousa", 
            "date_taken": "2012-05-21 22:02:12", 
            "title": "Tiago Sousa", 
            "image": "photologue/photos/tiago_sousa.jpg", 
            "tags": "", 
            "crop_from": "center", 
            "effect": null, 
            "caption": "", 
            "is_public": true, 
            "date_added": "2012-05-21 22:02:12"
        }
    }, 
    {
        "pk": 53, 
        "model": "photologue.photo", 
        "fields": {
            "view_count": 0, 
            "is_highlight": true, 
            "title_slug": "", 
            "date_taken": "2012-03-27 01:36:54", 
            "title": "MaisMenos Cartaz", 
            "image": "photologue/photos/cartaz_2.jpg", 
            "tags": "", 
            "crop_from": "center", 
            "effect": null, 
            "caption": "", 
            "is_public": true, 
            "date_added": "2012-03-27 01:36:54"
        }
    }, 
    {
        "pk": 50, 
        "model": "photologue.photo", 
        "fields": {
            "view_count": 0, 
            "is_highlight": true, 
            "title_slug": "arrepios-ipj-16", 
            "date_taken": "2011-07-03 18:53:09", 
            "title": "Arrepios - IPJ 16", 
            "image": "photologue/photos/DSCF0055.jpg", 
            "tags": "", 
            "crop_from": "center", 
            "effect": null, 
            "caption": "", 
            "is_public": true, 
            "date_added": "2011-07-03 18:53:09"
        }
    }, 
    {
        "pk": 46, 
        "model": "photologue.photo", 
        "fields": {
            "view_count": 0, 
            "is_highlight": true, 
            "title_slug": "arrepios-ipj-12", 
            "date_taken": "2011-07-03 18:53:08", 
            "title": "Arrepios - IPJ 12", 
            "image": "photologue/photos/DSCF0051.jpg", 
            "tags": "", 
            "crop_from": "center", 
            "effect": null, 
            "caption": "", 
            "is_public": true, 
            "date_added": "2011-07-03 18:53:08"
        }
    }, 
    {
        "pk": 45, 
        "model": "photologue.photo", 
        "fields": {
            "view_count": 0, 
            "is_highlight": true, 
            "title_slug": "arrepios-ipj-11", 
            "date_taken": "2011-07-03 18:53:08", 
            "title": "Arrepios - IPJ 11", 
            "image": "photologue/photos/DSCF0050.jpg", 
            "tags": "", 
            "crop_from": "center", 
            "effect": null, 
            "caption": "", 
            "is_public": true, 
            "date_added": "2011-07-03 18:53:08"
        }
    }, 
    {
        "pk": 44, 
        "model": "photologue.photo", 
        "fields": {
            "view_count": 0, 
            "is_highlight": true, 
            "title_slug": "arrepios-ipj-10", 
            "date_taken": "2011-07-03 18:53:08", 
            "title": "Arrepios - IPJ 10", 
            "image": "photologue/photos/DSCF0049.jpg", 
            "tags": "", 
            "crop_from": "center", 
            "effect": null, 
            "caption": "", 
            "is_public": true, 
            "date_added": "2011-07-03 18:53:08"
        }
    }, 
    {
        "pk": 43, 
        "model": "photologue.photo", 
        "fields": {
            "view_count": 0, 
            "is_highlight": true, 
            "title_slug": "arrepios-ipj-9", 
            "date_taken": "2011-07-03 18:53:08", 
            "title": "Arrepios - IPJ 9", 
            "image": "photologue/photos/DSCF0048.jpg", 
            "tags": "", 
            "crop_from": "center", 
            "effect": null, 
            "caption": "", 
            "is_public": true, 
            "date_added": "2011-07-03 18:53:08"
        }
    }, 
    {
        "pk": 42, 
        "model": "photologue.photo", 
        "fields": {
            "view_count": 0, 
            "is_highlight": true, 
            "title_slug": "arrepios-ipj-8", 
            "date_taken": "2011-07-03 18:53:08", 
            "title": "Arrepios - IPJ 8", 
            "image": "photologue/photos/DSCF0047.jpg", 
            "tags": "", 
            "crop_from": "center", 
            "effect": null, 
            "caption": "", 
            "is_public": true, 
            "date_added": "2011-07-03 18:53:08"
        }
    }, 
    {
        "pk": 41, 
        "model": "photologue.photo", 
        "fields": {
            "view_count": 0, 
            "is_highlight": true, 
            "title_slug": "arrepios-ipj-7", 
            "date_taken": "2011-07-03 18:53:08", 
            "title": "Arrepios - IPJ 7", 
            "image": "photologue/photos/DSCF0046.jpg", 
            "tags": "", 
            "crop_from": "center", 
            "effect": null, 
            "caption": "", 
            "is_public": true, 
            "date_added": "2011-07-03 18:53:08"
        }
    }, 
    {
        "pk": 40, 
        "model": "photologue.photo", 
        "fields": {
            "view_count": 0, 
            "is_highlight": true, 
            "title_slug": "arrepios-ipj-6", 
            "date_taken": "2011-07-03 18:53:08", 
            "title": "Arrepios - IPJ 6", 
            "image": "photologue/photos/DSCF0045.jpg", 
            "tags": "", 
            "crop_from": "center", 
            "effect": null, 
            "caption": "", 
            "is_public": true, 
            "date_added": "2011-07-03 18:53:08"
        }
    }, 
    {
        "pk": 49, 
        "model": "photologue.photo", 
        "fields": {
            "view_count": 0, 
            "is_highlight": true, 
            "title_slug": "arrepios-ipj-15", 
            "date_taken": "2011-07-03 18:53:08", 
            "title": "Arrepios - IPJ 15", 
            "image": "photologue/photos/DSCF0054.jpg", 
            "tags": "", 
            "crop_from": "center", 
            "effect": null, 
            "caption": "", 
            "is_public": true, 
            "date_added": "2011-07-03 18:53:08"
        }
    }, 
    {
        "pk": 38, 
        "model": "photologue.photo", 
        "fields": {
            "view_count": 0, 
            "is_highlight": true, 
            "title_slug": "arrepios-ipj-4", 
            "date_taken": "2011-07-03 18:53:08", 
            "title": "Arrepios - IPJ 4", 
            "image": "photologue/photos/DSCF0043.jpg", 
            "tags": "", 
            "crop_from": "center", 
            "effect": null, 
            "caption": "", 
            "is_public": true, 
            "date_added": "2011-07-03 18:53:08"
        }
    }, 
    {
        "pk": 37, 
        "model": "photologue.photo", 
        "fields": {
            "view_count": 0, 
            "is_highlight": true, 
            "title_slug": "arrepios-ipj-3", 
            "date_taken": "2011-07-03 18:53:08", 
            "title": "Arrepios - IPJ 3", 
            "image": "photologue/photos/DSCF0042.jpg", 
            "tags": "", 
            "crop_from": "center", 
            "effect": null, 
            "caption": "", 
            "is_public": true, 
            "date_added": "2011-07-03 18:53:08"
        }
    }, 
    {
        "pk": 36, 
        "model": "photologue.photo", 
        "fields": {
            "view_count": 0, 
            "is_highlight": true, 
            "title_slug": "arrepios-ipj-2", 
            "date_taken": "2011-07-03 18:53:08", 
            "title": "Arrepios - IPJ 2", 
            "image": "photologue/photos/DSCF0041.jpg", 
            "tags": "", 
            "crop_from": "center", 
            "effect": null, 
            "caption": "", 
            "is_public": true, 
            "date_added": "2011-07-03 18:53:08"
        }
    }, 
    {
        "pk": 35, 
        "model": "photologue.photo", 
        "fields": {
            "view_count": 0, 
            "is_highlight": true, 
            "title_slug": "arrepios-ipj-1", 
            "date_taken": "2011-07-03 18:53:08", 
            "title": "Arrepios - IPJ 1", 
            "image": "photologue/photos/DSCF0040.jpg", 
            "tags": "", 
            "crop_from": "center", 
            "effect": null, 
            "caption": "", 
            "is_public": true, 
            "date_added": "2011-07-03 18:53:08"
        }
    }, 
    {
        "pk": 39, 
        "model": "photologue.photo", 
        "fields": {
            "view_count": 0, 
            "is_highlight": true, 
            "title_slug": "arrepios-ipj-5", 
            "date_taken": "2011-07-03 18:53:08", 
            "title": "Arrepios - IPJ 5", 
            "image": "photologue/photos/DSCF0044.jpg", 
            "tags": "", 
            "crop_from": "center", 
            "effect": null, 
            "caption": "", 
            "is_public": true, 
            "date_added": "2011-07-03 18:53:08"
        }
    }, 
    {
        "pk": 48, 
        "model": "photologue.photo", 
        "fields": {
            "view_count": 0, 
            "is_highlight": true, 
            "title_slug": "arrepios-ipj-14", 
            "date_taken": "2011-07-03 18:53:08", 
            "title": "Arrepios - IPJ 14", 
            "image": "photologue/photos/DSCF0053.jpg", 
            "tags": "", 
            "crop_from": "center", 
            "effect": null, 
            "caption": "", 
            "is_public": true, 
            "date_added": "2011-07-03 18:53:08"
        }
    }, 
    {
        "pk": 47, 
        "model": "photologue.photo", 
        "fields": {
            "view_count": 0, 
            "is_highlight": true, 
            "title_slug": "arrepios-ipj-13", 
            "date_taken": "2011-07-03 18:53:08", 
            "title": "Arrepios - IPJ 13", 
            "image": "photologue/photos/DSCF0052.jpg", 
            "tags": "", 
            "crop_from": "center", 
            "effect": null, 
            "caption": "", 
            "is_public": true, 
            "date_added": "2011-07-03 18:53:08"
        }
    }, 
    {
        "pk": 30, 
        "model": "photologue.photo", 
        "fields": {
            "view_count": 0, 
            "is_highlight": true, 
            "title_slug": "um-deserto-enche-me-a-cabeca-2", 
            "date_taken": "2011-07-03 18:41:45", 
            "title": "Um deserto enche-me a cabe\u00e7a 2", 
            "image": "photologue/photos/PhotoPC segunda-feira, 19 de Agosto de 2002 1243 13.jpg", 
            "tags": "", 
            "crop_from": "center", 
            "effect": null, 
            "caption": "", 
            "is_public": true, 
            "date_added": "2011-07-03 18:41:45"
        }
    }, 
    {
        "pk": 32, 
        "model": "photologue.photo", 
        "fields": {
            "view_count": 0, 
            "is_highlight": true, 
            "title_slug": "um-deserto-enche-me-a-cabeca-4", 
            "date_taken": "2011-07-03 18:41:45", 
            "title": "Um deserto enche-me a cabe\u00e7a 4", 
            "image": "photologue/photos/PhotoPC segunda-feira, 19 de Agosto de 2002 1243 15.jpg", 
            "tags": "", 
            "crop_from": "center", 
            "effect": null, 
            "caption": "", 
            "is_public": true, 
            "date_added": "2011-07-03 18:41:45"
        }
    }, 
    {
        "pk": 31, 
        "model": "photologue.photo", 
        "fields": {
            "view_count": 0, 
            "is_highlight": true, 
            "title_slug": "um-deserto-enche-me-a-cabeca-3", 
            "date_taken": "2011-07-03 18:41:45", 
            "title": "Um deserto enche-me a cabe\u00e7a 3", 
            "image": "photologue/photos/PhotoPC segunda-feira, 19 de Agosto de 2002 1243 14.jpg", 
            "tags": "", 
            "crop_from": "center", 
            "effect": null, 
            "caption": "", 
            "is_public": true, 
            "date_added": "2011-07-03 18:41:45"
        }
    }, 
    {
        "pk": 33, 
        "model": "photologue.photo", 
        "fields": {
            "view_count": 0, 
            "is_highlight": true, 
            "title_slug": "um-deserto-enche-me-a-cabeca-5", 
            "date_taken": "2011-07-03 18:41:45", 
            "title": "Um deserto enche-me a cabe\u00e7a 5", 
            "image": "photologue/photos/PhotoPC segunda-feira, 19 de Agosto de 2002 1243 16.jpg", 
            "tags": "", 
            "crop_from": "center", 
            "effect": null, 
            "caption": "", 
            "is_public": true, 
            "date_added": "2011-07-03 18:41:45"
        }
    }, 
    {
        "pk": 34, 
        "model": "photologue.photo", 
        "fields": {
            "view_count": 0, 
            "is_highlight": true, 
            "title_slug": "um-deserto-enche-me-a-cabeca-6", 
            "date_taken": "2011-07-03 18:41:45", 
            "title": "Um deserto enche-me a cabe\u00e7a 6", 
            "image": "photologue/photos/PhotoPC segunda-feira, 19 de Agosto de 2002 1244 18.jpg", 
            "tags": "", 
            "crop_from": "center", 
            "effect": null, 
            "caption": "", 
            "is_public": true, 
            "date_added": "2011-07-03 18:41:45"
        }
    }, 
    {
        "pk": 29, 
        "model": "photologue.photo", 
        "fields": {
            "view_count": 0, 
            "is_highlight": true, 
            "title_slug": "um-deserto-enche-me-a-cabeca-1", 
            "date_taken": "2011-07-03 18:41:44", 
            "title": "Um deserto enche-me a cabe\u00e7a 1", 
            "image": "photologue/photos/PhotoPC segunda-feira, 19 de Agosto de 2002 1243 12.jpg", 
            "tags": "", 
            "crop_from": "center", 
            "effect": null, 
            "caption": "", 
            "is_public": true, 
            "date_added": "2011-07-03 18:41:44"
        }
    }, 
    {
        "pk": 28, 
        "model": "photologue.photo", 
        "fields": {
            "view_count": 0, 
            "is_highlight": true, 
            "title_slug": "arepios-no-meu-baloico-fabrica-da-cerveja-12", 
            "date_taken": "2011-06-30 16:34:15", 
            "title": "Arepios no meu baloi\u00e7o - f\u00e1brica da cerveja 12", 
            "image": "photologue/photos/DSCF0018.jpg", 
            "tags": "", 
            "crop_from": "center", 
            "effect": null, 
            "caption": "Foto do espect\u00e1culo Arrepios no meu baloi\u00e7o, na Antiga F\u00e1brica da Cerveja, em Faro", 
            "is_public": true, 
            "date_added": "2011-06-30 16:34:15"
        }
    }, 
    {
        "pk": 19, 
        "model": "photologue.photo", 
        "fields": {
            "view_count": 0, 
            "is_highlight": true, 
            "title_slug": "arepios-no-meu-baloico-fabrica-da-cerveja-3", 
            "date_taken": "2011-06-30 16:34:14", 
            "title": "Arepios no meu baloi\u00e7o - f\u00e1brica da cerveja 3", 
            "image": "photologue/photos/DSCF0009.jpg", 
            "tags": "", 
            "crop_from": "center", 
            "effect": null, 
            "caption": "Foto do espect\u00e1culo Arrepios no meu baloi\u00e7o, na Antiga F\u00e1brica da Cerveja, em Faro", 
            "is_public": true, 
            "date_added": "2011-06-30 16:34:14"
        }
    }, 
    {
        "pk": 27, 
        "model": "photologue.photo", 
        "fields": {
            "view_count": 0, 
            "is_highlight": true, 
            "title_slug": "arepios-no-meu-baloico-fabrica-da-cerveja-11", 
            "date_taken": "2011-06-30 16:34:14", 
            "title": "Arepios no meu baloi\u00e7o - f\u00e1brica da cerveja 11", 
            "image": "photologue/photos/DSCF0017.jpg", 
            "tags": "", 
            "crop_from": "center", 
            "effect": null, 
            "caption": "Foto do espect\u00e1culo Arrepios no meu baloi\u00e7o, na Antiga F\u00e1brica da Cerveja, em Faro", 
            "is_public": true, 
            "date_added": "2011-06-30 16:34:14"
        }
    }, 
    {
        "pk": 26, 
        "model": "photologue.photo", 
        "fields": {
            "view_count": 0, 
            "is_highlight": true, 
            "title_slug": "arepios-no-meu-baloico-fabrica-da-cerveja-10", 
            "date_taken": "2011-06-30 16:34:14", 
            "title": "Arepios no meu baloi\u00e7o - f\u00e1brica da cerveja 10", 
            "image": "photologue/photos/DSCF0016.jpg", 
            "tags": "", 
            "crop_from": "center", 
            "effect": null, 
            "caption": "Foto do espect\u00e1culo Arrepios no meu baloi\u00e7o, na Antiga F\u00e1brica da Cerveja, em Faro", 
            "is_public": true, 
            "date_added": "2011-06-30 16:34:14"
        }
    }, 
    {
        "pk": 25, 
        "model": "photologue.photo", 
        "fields": {
            "view_count": 0, 
            "is_highlight": true, 
            "title_slug": "arepios-no-meu-baloico-fabrica-da-cerveja-9", 
            "date_taken": "2011-06-30 16:34:14", 
            "title": "Arepios no meu baloi\u00e7o - f\u00e1brica da cerveja 9", 
            "image": "photologue/photos/DSCF0015.jpg", 
            "tags": "", 
            "crop_from": "center", 
            "effect": null, 
            "caption": "Foto do espect\u00e1culo Arrepios no meu baloi\u00e7o, na Antiga F\u00e1brica da Cerveja, em Faro", 
            "is_public": true, 
            "date_added": "2011-06-30 16:34:14"
        }
    }, 
    {
        "pk": 24, 
        "model": "photologue.photo", 
        "fields": {
            "view_count": 0, 
            "is_highlight": true, 
            "title_slug": "arepios-no-meu-baloico-fabrica-da-cerveja-8", 
            "date_taken": "2011-06-30 16:34:14", 
            "title": "Arepios no meu baloi\u00e7o - f\u00e1brica da cerveja 8", 
            "image": "photologue/photos/DSCF0014.jpg", 
            "tags": "", 
            "crop_from": "center", 
            "effect": null, 
            "caption": "Foto do espect\u00e1culo Arrepios no meu baloi\u00e7o, na Antiga F\u00e1brica da Cerveja, em Faro", 
            "is_public": true, 
            "date_added": "2011-06-30 16:34:14"
        }
    }, 
    {
        "pk": 23, 
        "model": "photologue.photo", 
        "fields": {
            "view_count": 0, 
            "is_highlight": true, 
            "title_slug": "arepios-no-meu-baloico-fabrica-da-cerveja-7", 
            "date_taken": "2011-06-30 16:34:14", 
            "title": "Arepios no meu baloi\u00e7o - f\u00e1brica da cerveja 7", 
            "image": "photologue/photos/DSCF0013_1.jpg", 
            "tags": "", 
            "crop_from": "center", 
            "effect": null, 
            "caption": "Foto do espect\u00e1culo Arrepios no meu baloi\u00e7o, na Antiga F\u00e1brica da Cerveja, em Faro", 
            "is_public": true, 
            "date_added": "2011-06-30 16:34:14"
        }
    }, 
    {
        "pk": 22, 
        "model": "photologue.photo", 
        "fields": {
            "view_count": 0, 
            "is_highlight": true, 
            "title_slug": "arepios-no-meu-baloico-fabrica-da-cerveja-6", 
            "date_taken": "2011-06-30 16:34:14", 
            "title": "Arepios no meu baloi\u00e7o - f\u00e1brica da cerveja 6", 
            "image": "photologue/photos/DSCF0012.jpg", 
            "tags": "", 
            "crop_from": "center", 
            "effect": null, 
            "caption": "Foto do espect\u00e1culo Arrepios no meu baloi\u00e7o, na Antiga F\u00e1brica da Cerveja, em Faro", 
            "is_public": true, 
            "date_added": "2011-06-30 16:34:14"
        }
    }, 
    {
        "pk": 21, 
        "model": "photologue.photo", 
        "fields": {
            "view_count": 0, 
            "is_highlight": true, 
            "title_slug": "arepios-no-meu-baloico-fabrica-da-cerveja-5", 
            "date_taken": "2011-06-30 16:34:14", 
            "title": "Arepios no meu baloi\u00e7o - f\u00e1brica da cerveja 5", 
            "image": "photologue/photos/DSCF0011.jpg", 
            "tags": "", 
            "crop_from": "center", 
            "effect": null, 
            "caption": "Foto do espect\u00e1culo Arrepios no meu baloi\u00e7o, na Antiga F\u00e1brica da Cerveja, em Faro", 
            "is_public": true, 
            "date_added": "2011-06-30 16:34:14"
        }
    }, 
    {
        "pk": 20, 
        "model": "photologue.photo", 
        "fields": {
            "view_count": 0, 
            "is_highlight": true, 
            "title_slug": "arepios-no-meu-baloico-fabrica-da-cerveja-4", 
            "date_taken": "2011-06-30 16:34:14", 
            "title": "Arepios no meu baloi\u00e7o - f\u00e1brica da cerveja 4", 
            "image": "photologue/photos/DSCF0010.jpg", 
            "tags": "", 
            "crop_from": "center", 
            "effect": null, 
            "caption": "Foto do espect\u00e1culo Arrepios no meu baloi\u00e7o, na Antiga F\u00e1brica da Cerveja, em Faro", 
            "is_public": true, 
            "date_added": "2011-06-30 16:34:14"
        }
    }, 
    {
        "pk": 18, 
        "model": "photologue.photo", 
        "fields": {
            "view_count": 0, 
            "is_highlight": true, 
            "title_slug": "arepios-no-meu-baloico-fabrica-da-cerveja-2", 
            "date_taken": "2011-06-30 16:34:14", 
            "title": "Arepios no meu baloi\u00e7o - f\u00e1brica da cerveja 2", 
            "image": "photologue/photos/DSCF0008.jpg", 
            "tags": "", 
            "crop_from": "center", 
            "effect": null, 
            "caption": "Foto do espect\u00e1culo Arrepios no meu baloi\u00e7o, na Antiga F\u00e1brica da Cerveja, em Faro", 
            "is_public": true, 
            "date_added": "2011-06-30 16:34:14"
        }
    }, 
    {
        "pk": 17, 
        "model": "photologue.photo", 
        "fields": {
            "view_count": 0, 
            "is_highlight": true, 
            "title_slug": "arepios-no-meu-baloico-fabrica-da-cerveja-1", 
            "date_taken": "2011-06-30 16:34:14", 
            "title": "Arepios no meu baloi\u00e7o - f\u00e1brica da cerveja 1", 
            "image": "photologue/photos/DSCF0007.jpg", 
            "tags": "", 
            "crop_from": "center", 
            "effect": null, 
            "caption": "Foto do espect\u00e1culo Arrepios no meu baloi\u00e7o, na Antiga F\u00e1brica da Cerveja, em Faro", 
            "is_public": true, 
            "date_added": "2011-06-30 16:34:14"
        }
    }, 
    {
        "pk": 15, 
        "model": "photologue.photo", 
        "fields": {
            "view_count": 0, 
            "is_highlight": true, 
            "title_slug": "arrepios-barcelona-4", 
            "date_taken": "2011-06-30 16:30:47", 
            "title": "Arrepios - barcelona 4", 
            "image": "photologue/photos/DSCF0025.jpg", 
            "tags": "", 
            "crop_from": "center", 
            "effect": null, 
            "caption": "Forum social ", 
            "is_public": true, 
            "date_added": "2011-06-30 16:30:47"
        }
    }, 
    {
        "pk": 14, 
        "model": "photologue.photo", 
        "fields": {
            "view_count": 0, 
            "is_highlight": true, 
            "title_slug": "arrepios-barcelona-3", 
            "date_taken": "2011-06-30 16:30:47", 
            "title": "Arrepios - barcelona 3", 
            "image": "photologue/photos/DSCF0024.jpg", 
            "tags": "", 
            "crop_from": "center", 
            "effect": null, 
            "caption": "Forum social ", 
            "is_public": true, 
            "date_added": "2011-06-30 16:30:47"
        }
    }, 
    {
        "pk": 13, 
        "model": "photologue.photo", 
        "fields": {
            "view_count": 0, 
            "is_highlight": true, 
            "title_slug": "arrepios-barcelona-2", 
            "date_taken": "2011-06-30 16:30:47", 
            "title": "Arrepios - barcelona 2", 
            "image": "photologue/photos/DSCF0023.jpg", 
            "tags": "", 
            "crop_from": "center", 
            "effect": null, 
            "caption": "Forum social ", 
            "is_public": true, 
            "date_added": "2011-06-30 16:30:47"
        }
    }, 
    {
        "pk": 12, 
        "model": "photologue.photo", 
        "fields": {
            "view_count": 0, 
            "is_highlight": true, 
            "title_slug": "arrepios-barcelona-1", 
            "date_taken": "2011-06-30 16:30:47", 
            "title": "Arrepios - barcelona 1", 
            "image": "photologue/photos/DSCF0013.jpg", 
            "tags": "", 
            "crop_from": "center", 
            "effect": null, 
            "caption": "Forum social ", 
            "is_public": true, 
            "date_added": "2011-06-30 16:30:47"
        }
    }, 
    {
        "pk": 16, 
        "model": "photologue.photo", 
        "fields": {
            "view_count": 0, 
            "is_highlight": true, 
            "title_slug": "arrepios-barcelona-5", 
            "date_taken": "2011-06-30 16:30:47", 
            "title": "Arrepios - barcelona 5", 
            "image": "photologue/photos/DSCF0032.jpg", 
            "tags": "", 
            "crop_from": "center", 
            "effect": null, 
            "caption": "Forum social ", 
            "is_public": true, 
            "date_added": "2011-06-30 16:30:47"
        }
    }, 
    {
        "pk": 11, 
        "model": "photologue.photo", 
        "fields": {
            "view_count": 0, 
            "is_highlight": true, 
            "title_slug": "animacao-de-rua-2004-11", 
            "date_taken": "2004-06-16 17:11:43", 
            "title": "Anima\u00e7\u00e3o de Rua 2004 11", 
            "image": "photologue/photos/DSCF0069.JPG", 
            "tags": "", 
            "crop_from": "center", 
            "effect": null, 
            "caption": "Anima\u00e7\u00e3o de Rua 2004", 
            "is_public": true, 
            "date_added": "2011-06-30 16:12:53"
        }
    }, 
    {
        "pk": 9, 
        "model": "photologue.photo", 
        "fields": {
            "view_count": 0, 
            "is_highlight": true, 
            "title_slug": "animacao-de-rua-2004-9", 
            "date_taken": "2004-06-16 17:10:34", 
            "title": "Anima\u00e7\u00e3o de Rua 2004 9", 
            "image": "photologue/photos/DSCF0067.JPG", 
            "tags": "", 
            "crop_from": "center", 
            "effect": null, 
            "caption": "Anima\u00e7\u00e3o de Rua 2004", 
            "is_public": true, 
            "date_added": "2011-06-30 16:12:52"
        }
    }, 
    {
        "pk": 10, 
        "model": "photologue.photo", 
        "fields": {
            "view_count": 0, 
            "is_highlight": true, 
            "title_slug": "animacao-de-rua-2004-10", 
            "date_taken": "2004-06-16 17:10:41", 
            "title": "Anima\u00e7\u00e3o de Rua 2004 10", 
            "image": "photologue/photos/DSCF0068.JPG", 
            "tags": "", 
            "crop_from": "center", 
            "effect": null, 
            "caption": "Anima\u00e7\u00e3o de Rua 2004", 
            "is_public": true, 
            "date_added": "2011-06-30 16:12:52"
        }
    }, 
    {
        "pk": 7, 
        "model": "photologue.photo", 
        "fields": {
            "view_count": 0, 
            "is_highlight": true, 
            "title_slug": "animacao-de-rua-2004-7", 
            "date_taken": "2004-06-16 17:06:15", 
            "title": "Anima\u00e7\u00e3o de Rua 2004 7", 
            "image": "photologue/photos/DSCF0063.JPG", 
            "tags": "", 
            "crop_from": "center", 
            "effect": null, 
            "caption": "Anima\u00e7\u00e3o de Rua 2004", 
            "is_public": true, 
            "date_added": "2011-06-30 16:12:51"
        }
    }, 
    {
        "pk": 8, 
        "model": "photologue.photo", 
        "fields": {
            "view_count": 0, 
            "is_highlight": true, 
            "title_slug": "animacao-de-rua-2004-8", 
            "date_taken": "2004-06-16 17:06:36", 
            "title": "Anima\u00e7\u00e3o de Rua 2004 8", 
            "image": "photologue/photos/DSCF0064.JPG", 
            "tags": "", 
            "crop_from": "center", 
            "effect": null, 
            "caption": "Anima\u00e7\u00e3o de Rua 2004", 
            "is_public": true, 
            "date_added": "2011-06-30 16:12:51"
        }
    }, 
    {
        "pk": 5, 
        "model": "photologue.photo", 
        "fields": {
            "view_count": 0, 
            "is_highlight": true, 
            "title_slug": "animacao-de-rua-2004-5", 
            "date_taken": "2004-06-16 17:03:00", 
            "title": "Anima\u00e7\u00e3o de Rua 2004 5", 
            "image": "photologue/photos/DSCF0061.JPG", 
            "tags": "", 
            "crop_from": "center", 
            "effect": null, 
            "caption": "Anima\u00e7\u00e3o de Rua 2004", 
            "is_public": true, 
            "date_added": "2011-06-30 16:12:50"
        }
    }, 
    {
        "pk": 6, 
        "model": "photologue.photo", 
        "fields": {
            "view_count": 0, 
            "is_highlight": true, 
            "title_slug": "animacao-de-rua-2004-6", 
            "date_taken": "2004-06-16 17:03:57", 
            "title": "Anima\u00e7\u00e3o de Rua 2004 6", 
            "image": "photologue/photos/DSCF0062.JPG", 
            "tags": "", 
            "crop_from": "center", 
            "effect": null, 
            "caption": "Anima\u00e7\u00e3o de Rua 2004", 
            "is_public": true, 
            "date_added": "2011-06-30 16:12:50"
        }
    }, 
    {
        "pk": 4, 
        "model": "photologue.photo", 
        "fields": {
            "view_count": 0, 
            "is_highlight": true, 
            "title_slug": "animacao-de-rua-2004-4", 
            "date_taken": "2004-06-16 17:02:16", 
            "title": "Anima\u00e7\u00e3o de Rua 2004 4", 
            "image": "photologue/photos/DSCF0060.JPG", 
            "tags": "", 
            "crop_from": "center", 
            "effect": null, 
            "caption": "Anima\u00e7\u00e3o de Rua 2004", 
            "is_public": true, 
            "date_added": "2011-06-30 16:12:49"
        }
    }, 
    {
        "pk": 3, 
        "model": "photologue.photo", 
        "fields": {
            "view_count": 0, 
            "is_highlight": true, 
            "title_slug": "animacao-de-rua-2004-3", 
            "date_taken": "2004-06-16 17:01:36", 
            "title": "Anima\u00e7\u00e3o de Rua 2004 3", 
            "image": "photologue/photos/DSCF0059.JPG", 
            "tags": "", 
            "crop_from": "center", 
            "effect": null, 
            "caption": "Anima\u00e7\u00e3o de Rua 2004", 
            "is_public": true, 
            "date_added": "2011-06-30 16:12:49"
        }
    }, 
    {
        "pk": 2, 
        "model": "photologue.photo", 
        "fields": {
            "view_count": 0, 
            "is_highlight": true, 
            "title_slug": "animacao-de-rua-2004-2", 
            "date_taken": "2004-06-16 17:00:50", 
            "title": "Anima\u00e7\u00e3o de Rua 2004 2", 
            "image": "photologue/photos/DSCF0056.JPG", 
            "tags": "", 
            "crop_from": "center", 
            "effect": null, 
            "caption": "Anima\u00e7\u00e3o de Rua 2004", 
            "is_public": true, 
            "date_added": "2011-06-30 16:12:48"
        }
    }, 
    {
        "pk": 1, 
        "model": "photologue.photo", 
        "fields": {
            "view_count": 0, 
            "is_highlight": true, 
            "title_slug": "animacao-de-rua-2004-1", 
            "date_taken": "2004-06-16 17:00:35", 
            "title": "Anima\u00e7\u00e3o de Rua 2004 1", 
            "image": "photologue/photos/DSCF0055.JPG", 
            "tags": "", 
            "crop_from": "center", 
            "effect": null, 
            "caption": "Anima\u00e7\u00e3o de Rua 2004", 
            "is_public": true, 
            "date_added": "2011-06-30 16:12:48"
        }
    }, 
    {
        "pk": 1, 
        "model": "photologue.photoeffect", 
        "fields": {
            "tint": "chocolate", 
            "name": "dark brown", 
            "reflection_strength": 0.59999999999999998, 
            "brightness": 1.0, 
            "color": 0.10000000000000001, 
            "sharpness": 1.0, 
            "reflection_size": 0.0, 
            "filters": "", 
            "transpose_method": "", 
            "background_color": "#FFFFFF", 
            "contrast": 1.0, 
            "description": ""
        }
    }, 
    {
        "pk": 4, 
        "model": "photologue.photosize", 
        "fields": {
            "name": "admin_thumbnail", 
            "watermark": null, 
            "increment_count": false, 
            "effect": null, 
            "crop": true, 
            "height": 120, 
            "width": 160, 
            "upscale": false, 
            "pre_cache": true, 
            "quality": 70
        }
    }, 
    {
        "pk": 3, 
        "model": "photologue.photosize", 
        "fields": {
            "name": "thumbnail", 
            "watermark": null, 
            "increment_count": false, 
            "effect": null, 
            "crop": true, 
            "height": 350, 
            "width": 230, 
            "upscale": false, 
            "pre_cache": true, 
            "quality": 70
        }
    }, 
    {
        "pk": 2, 
        "model": "photologue.photosize", 
        "fields": {
            "name": "display", 
            "watermark": null, 
            "increment_count": false, 
            "effect": null, 
            "crop": false, 
            "height": 0, 
            "width": 600, 
            "upscale": false, 
            "pre_cache": true, 
            "quality": 80
        }
    }, 
    {
        "pk": 1, 
        "model": "photologue.photosize", 
        "fields": {
            "name": "wide", 
            "watermark": null, 
            "increment_count": false, 
            "effect": 1, 
            "crop": false, 
            "height": 0, 
            "width": 1024, 
            "upscale": true, 
            "pre_cache": false, 
            "quality": 60
        }
    }, 
    {
        "pk": 6, 
        "model": "photologue.gallery", 
        "fields": {
            "description": "", 
            "title_slug": "arrepios-ipj", 
            "tags": "", 
            "title": "Arrepios - IPJ", 
            "photos": [
                50, 
                49, 
                48, 
                47, 
                46, 
                45, 
                44, 
                43, 
                42, 
                41, 
                40, 
                39, 
                38, 
                37, 
                36, 
                35
            ], 
            "is_public": true, 
            "date_added": "2011-07-03 18:53:08"
        }
    }, 
    {
        "pk": 5, 
        "model": "photologue.gallery", 
        "fields": {
            "description": "", 
            "title_slug": "um-deserto-enche-me-a-cabeca", 
            "tags": "", 
            "title": "Um deserto enche-me a cabe\u00e7a", 
            "photos": [
                34, 
                33, 
                32, 
                31, 
                30, 
                29
            ], 
            "is_public": true, 
            "date_added": "2011-07-03 18:41:44"
        }
    }, 
    {
        "pk": 4, 
        "model": "photologue.gallery", 
        "fields": {
            "description": "", 
            "title_slug": "arepios-no-meu-baloico-fabrica-da-cerveja", 
            "tags": "", 
            "title": "Arepios no meu baloi\u00e7o - f\u00e1brica da cerveja", 
            "photos": [
                28, 
                27, 
                26, 
                25, 
                24, 
                23, 
                22, 
                21, 
                20, 
                19, 
                18, 
                17
            ], 
            "is_public": true, 
            "date_added": "2011-06-30 16:34:14"
        }
    }, 
    {
        "pk": 3, 
        "model": "photologue.gallery", 
        "fields": {
            "description": "", 
            "title_slug": "arrepios-barcelona", 
            "tags": "", 
            "title": "Arrepios - barcelona", 
            "photos": [
                16, 
                15, 
                14, 
                13, 
                12
            ], 
            "is_public": true, 
            "date_added": "2011-06-30 16:30:47"
        }
    }, 
    {
        "pk": 2, 
        "model": "photologue.gallery", 
        "fields": {
            "description": "", 
            "title_slug": "animacao-de-rua-2004", 
            "tags": "", 
            "title": "Anima\u00e7\u00e3o de Rua 2004", 
            "photos": [
                11, 
                10, 
                9, 
                8, 
                7, 
                6, 
                5, 
                4, 
                3, 
                2, 
                1
            ], 
            "is_public": true, 
            "date_added": "2011-06-30 16:12:47"
        }
    }
]